topology,location_a,base_topology,section,organization 
INE-VIRL/CCIE.RSv5.Workbook/advanced.foundation.labs/foundation.lab.1.virl,https://raw.githubusercontent.com/frankie336/INE-VIRL/master/CCIE.RSv5.Workbook/advanced.foundation.labs/foundation.lab.1.virl,https://raw.githubusercontent.com/frankie336/INE-VIRL/master/CCIE.RSv5.Workbook/INE.CCIE.RSv5.Workbook.14.node.base.topology.virl,CCIE.RSv5.Workbook,https://ine.com/
INE-VIRL/CCIE.RSv5.Workbook/advanced.foundation.labs/foundation.lab.2.virl,https://raw.githubusercontent.com/frankie336/INE-VIRL/master/CCIE.RSv5.Workbook/advanced.foundation.labs/foundation.lab.2.virl,https://raw.githubusercontent.com/frankie336/INE-VIRL/master/CCIE.RSv5.Workbook/INE.CCIE.RSv5.Workbook.14.node.base.topology.virl,CCIE.RSv5.Workbook,https://ine.com/
INE-VIRL/CCIE.RSv5.Workbook/advanced.foundation.labs/foundation.lab.3.virl,https://raw.githubusercontent.com/frankie336/INE-VIRL/master/CCIE.RSv5.Workbook/advanced.foundation.labs/foundation.lab.3.virl,https://raw.githubusercontent.com/frankie336/INE-VIRL/master/CCIE.RSv5.Workbook/INE.CCIE.RSv5.Workbook.14.node.base.topology.virl,CCIE.RSv5.Workbook,https://ine.com/
INE-VIRL/CCIE.RSv5.Workbook/advanced.technology.labs/authenticating.bgp.peerings.virl,https://raw.githubusercontent.com/frankie336/INE-VIRL/master/CCIE.RSv5.Workbook/advanced.technology.labs/authenticating.bgp.peerings.virl,https://raw.githubusercontent.com/frankie336/INE-VIRL/master/CCIE.RSv5.Workbook/INE.CCIE.RSv5.Workbook.14.node.base.topology.virl,CCIE.RSv5.Workbook,https://ine.com/
INE-VIRL/CCIE.RSv5.Workbook/advanced.technology.labs/basic.bgp.routing.virl,https://raw.githubusercontent.com/frankie336/INE-VIRL/master/CCIE.RSv5.Workbook/advanced.technology.labs/basic.bgp.routing.virl,https://raw.githubusercontent.com/frankie336/INE-VIRL/master/CCIE.RSv5.Workbook/INE.CCIE.RSv5.Workbook.14.node.base.topology.virl,CCIE.RSv5.Workbook,https://ine.com/
INE-VIRL/CCIE.RSv5.Workbook/advanced.technology.labs/basic.bgp.routing.with.aggregation.virl,https://raw.githubusercontent.com/frankie336/INE-VIRL/master/CCIE.RSv5.Workbook/advanced.technology.labs/basic.bgp.routing.with.aggregation.virl,https://raw.githubusercontent.com/frankie336/INE-VIRL/master/CCIE.RSv5.Workbook/INE.CCIE.RSv5.Workbook.14.node.base.topology.virl,CCIE.RSv5.Workbook,https://ine.com/
INE-VIRL/CCIE.RSv5.Workbook/advanced.technology.labs/basic.eigrp.routing.virl,https://raw.githubusercontent.com/frankie336/INE-VIRL/master/CCIE.RSv5.Workbook/advanced.technology.labs/basic.eigrp.routing.virl,https://raw.githubusercontent.com/frankie336/INE-VIRL/master/CCIE.RSv5.Workbook/INE.CCIE.RSv5.Workbook.14.node.base.topology.virl,CCIE.RSv5.Workbook,https://ine.com/
INE-VIRL/CCIE.RSv5.Workbook/advanced.technology.labs/basic.ip.addressing.virl,https://raw.githubusercontent.com/frankie336/INE-VIRL/master/CCIE.RSv5.Workbook/advanced.technology.labs/basic.ip.addressing.virl,https://raw.githubusercontent.com/frankie336/INE-VIRL/master/CCIE.RSv5.Workbook/INE.CCIE.RSv5.Workbook.14.node.base.topology.virl,CCIE.RSv5.Workbook,https://ine.com/
INE-VIRL/CCIE.RSv5.Workbook/advanced.technology.labs/basic.layer.2.switching.virl,https://raw.githubusercontent.com/frankie336/INE-VIRL/master/CCIE.RSv5.Workbook/advanced.technology.labs/basic.layer.2.switching.virl,https://raw.githubusercontent.com/frankie336/INE-VIRL/master/CCIE.RSv5.Workbook/INE.CCIE.RSv5.Workbook.14.node.base.topology.virl,CCIE.RSv5.Workbook,https://ine.com/
INE-VIRL/CCIE.RSv5.Workbook/advanced.technology.labs/basic.ospf.routing.virl,https://raw.githubusercontent.com/frankie336/INE-VIRL/master/CCIE.RSv5.Workbook/advanced.technology.labs/basic.ospf.routing.virl,https://raw.githubusercontent.com/frankie336/INE-VIRL/master/CCIE.RSv5.Workbook/INE.CCIE.RSv5.Workbook.14.node.base.topology.virl,CCIE.RSv5.Workbook,https://ine.com/
INE-VIRL/CCIE.RSv5.Workbook/advanced.technology.labs/basic.rip.routing.virl,https://raw.githubusercontent.com/frankie336/INE-VIRL/master/CCIE.RSv5.Workbook/advanced.technology.labs/basic.rip.routing.virl,https://raw.githubusercontent.com/frankie336/INE-VIRL/master/CCIE.RSv5.Workbook/INE.CCIE.RSv5.Workbook.14.node.base.topology.virl,CCIE.RSv5.Workbook,https://ine.com/
INE-VIRL/CCIE.RSv5.Workbook/advanced.technology.labs/bgp.confederation.virl,https://raw.githubusercontent.com/frankie336/INE-VIRL/master/CCIE.RSv5.Workbook/advanced.technology.labs/bgp.confederation.virl,https://raw.githubusercontent.com/frankie336/INE-VIRL/master/CCIE.RSv5.Workbook/INE.CCIE.RSv5.Workbook.14.node.base.topology.virl,CCIE.RSv5.Workbook,https://ine.com/
INE-VIRL/CCIE.RSv5.Workbook/advanced.technology.labs/bgp.disable.connected.check.virl,https://raw.githubusercontent.com/frankie336/INE-VIRL/master/CCIE.RSv5.Workbook/advanced.technology.labs/bgp.disable.connected.check.virl,https://raw.githubusercontent.com/frankie336/INE-VIRL/master/CCIE.RSv5.Workbook/INE.CCIE.RSv5.Workbook.14.node.base.topology.virl,CCIE.RSv5.Workbook,https://ine.com/
INE-VIRL/CCIE.RSv5.Workbook/advanced.technology.labs/bgp.full.virl,https://raw.githubusercontent.com/frankie336/INE-VIRL/master/CCIE.RSv5.Workbook/advanced.technology.labs/bgp.full.virl,https://raw.githubusercontent.com/frankie336/INE-VIRL/master/CCIE.RSv5.Workbook/INE.CCIE.RSv5.Workbook.14.node.base.topology.virl,CCIE.RSv5.Workbook,https://ine.com/
INE-VIRL/CCIE.RSv5.Workbook/advanced.technology.labs/bgp.next.hop.processing.manual.modification.virl,https://raw.githubusercontent.com/frankie336/INE-VIRL/master/CCIE.RSv5.Workbook/advanced.technology.labs/bgp.next.hop.processing.manual.modification.virl,https://raw.githubusercontent.com/frankie336/INE-VIRL/master/CCIE.RSv5.Workbook/INE.CCIE.RSv5.Workbook.14.node.base.topology.virl,CCIE.RSv5.Workbook,https://ine.com/
INE-VIRL/CCIE.RSv5.Workbook/advanced.technology.labs/bgp.next.hop.processing.next.hop.self.virl,https://raw.githubusercontent.com/frankie336/INE-VIRL/master/CCIE.RSv5.Workbook/advanced.technology.labs/bgp.next.hop.processing.next.hop.self.virl,https://raw.githubusercontent.com/frankie336/INE-VIRL/master/CCIE.RSv5.Workbook/INE.CCIE.RSv5.Workbook.14.node.base.topology.virl,CCIE.RSv5.Workbook,https://ine.com/
INE-VIRL/CCIE.RSv5.Workbook/advanced.technology.labs/bgp.over.gre.virl,https://raw.githubusercontent.com/frankie336/INE-VIRL/master/CCIE.RSv5.Workbook/advanced.technology.labs/bgp.over.gre.virl,https://raw.githubusercontent.com/frankie336/INE-VIRL/master/CCIE.RSv5.Workbook/INE.CCIE.RSv5.Workbook.14.node.base.topology.virl,CCIE.RSv5.Workbook,https://ine.com/
INE-VIRL/CCIE.RSv5.Workbook/advanced.technology.labs/bgp.redistribute.internal.virl,https://raw.githubusercontent.com/frankie336/INE-VIRL/master/CCIE.RSv5.Workbook/advanced.technology.labs/bgp.redistribute.internal.virl,https://raw.githubusercontent.com/frankie336/INE-VIRL/master/CCIE.RSv5.Workbook/INE.CCIE.RSv5.Workbook.14.node.base.topology.virl,CCIE.RSv5.Workbook,https://ine.com/
INE-VIRL/CCIE.RSv5.Workbook/advanced.technology.labs/bgp.remove.private.as.virl,https://raw.githubusercontent.com/frankie336/INE-VIRL/master/CCIE.RSv5.Workbook/advanced.technology.labs/bgp.remove.private.as.virl,https://raw.githubusercontent.com/frankie336/INE-VIRL/master/CCIE.RSv5.Workbook/INE.CCIE.RSv5.Workbook.14.node.base.topology.virl,CCIE.RSv5.Workbook,https://ine.com/
INE-VIRL/CCIE.RSv5.Workbook/advanced.technology.labs/bgp.update.source.virl,https://raw.githubusercontent.com/frankie336/INE-VIRL/master/CCIE.RSv5.Workbook/advanced.technology.labs/bgp.update.source.virl,https://raw.githubusercontent.com/frankie336/INE-VIRL/master/CCIE.RSv5.Workbook/INE.CCIE.RSv5.Workbook.14.node.base.topology.virl,CCIE.RSv5.Workbook,https://ine.com/
INE-VIRL/CCIE.RSv5.Workbook/advanced.technology.labs/catalyst.multicast.virl,https://raw.githubusercontent.com/frankie336/INE-VIRL/master/CCIE.RSv5.Workbook/advanced.technology.labs/catalyst.multicast.virl,https://raw.githubusercontent.com/frankie336/INE-VIRL/master/CCIE.RSv5.Workbook/INE.CCIE.RSv5.Workbook.14.node.base.topology.virl,CCIE.RSv5.Workbook,https://ine.com/
INE-VIRL/CCIE.RSv5.Workbook/advanced.technology.labs/dhcp.advanced.initial.virl,https://raw.githubusercontent.com/frankie336/INE-VIRL/master/CCIE.RSv5.Workbook/advanced.technology.labs/dhcp.advanced.initial.virl,https://raw.githubusercontent.com/frankie336/INE-VIRL/master/CCIE.RSv5.Workbook/INE.CCIE.RSv5.Workbook.14.node.base.topology.virl,CCIE.RSv5.Workbook,https://ine.com/
INE-VIRL/CCIE.RSv5.Workbook/advanced.technology.labs/dhcp.information.option.initial.virl,https://raw.githubusercontent.com/frankie336/INE-VIRL/master/CCIE.RSv5.Workbook/advanced.technology.labs/dhcp.information.option.initial.virl,https://raw.githubusercontent.com/frankie336/INE-VIRL/master/CCIE.RSv5.Workbook/INE.CCIE.RSv5.Workbook.14.node.base.topology.virl,CCIE.RSv5.Workbook,https://ine.com/
INE-VIRL/CCIE.RSv5.Workbook/advanced.technology.labs/dhcp.ppp.initial.virl,https://raw.githubusercontent.com/frankie336/INE-VIRL/master/CCIE.RSv5.Workbook/advanced.technology.labs/dhcp.ppp.initial.virl,https://raw.githubusercontent.com/frankie336/INE-VIRL/master/CCIE.RSv5.Workbook/INE.CCIE.RSv5.Workbook.14.node.base.topology.virl,CCIE.RSv5.Workbook,https://ine.com/
INE-VIRL/CCIE.RSv5.Workbook/advanced.technology.labs/dmvpn.virl,https://raw.githubusercontent.com/frankie336/INE-VIRL/master/CCIE.RSv5.Workbook/advanced.technology.labs/dmvpn.virl,https://raw.githubusercontent.com/frankie336/INE-VIRL/master/CCIE.RSv5.Workbook/INE.CCIE.RSv5.Workbook.14.node.base.topology.virl,CCIE.RSv5.Workbook,https://ine.com/
INE-VIRL/CCIE.RSv5.Workbook/advanced.technology.labs/ebgp.multihop.virl,https://raw.githubusercontent.com/frankie336/INE-VIRL/master/CCIE.RSv5.Workbook/advanced.technology.labs/ebgp.multihop.virl,https://raw.githubusercontent.com/frankie336/INE-VIRL/master/CCIE.RSv5.Workbook/INE.CCIE.RSv5.Workbook.14.node.base.topology.virl,CCIE.RSv5.Workbook,https://ine.com/
INE-VIRL/CCIE.RSv5.Workbook/advanced.technology.labs/ebgp.with.r9.to.r10.virl,https://raw.githubusercontent.com/frankie336/INE-VIRL/master/CCIE.RSv5.Workbook/advanced.technology.labs/ebgp.with.r9.to.r10.virl,https://raw.githubusercontent.com/frankie336/INE-VIRL/master/CCIE.RSv5.Workbook/INE.CCIE.RSv5.Workbook.14.node.base.topology.virl,CCIE.RSv5.Workbook,https://ine.com/
INE-VIRL/CCIE.RSv5.Workbook/advanced.technology.labs/eigrpv6.basic.virl,https://raw.githubusercontent.com/frankie336/INE-VIRL/master/CCIE.RSv5.Workbook/advanced.technology.labs/eigrpv6.basic.virl,https://raw.githubusercontent.com/frankie336/INE-VIRL/master/CCIE.RSv5.Workbook/INE.CCIE.RSv5.Workbook.14.node.base.topology.virl,CCIE.RSv5.Workbook,https://ine.com/
INE-VIRL/CCIE.RSv5.Workbook/advanced.technology.labs/eigrpv6.initial.virl,https://raw.githubusercontent.com/frankie336/INE-VIRL/master/CCIE.RSv5.Workbook/advanced.technology.labs/eigrpv6.initial.virl,https://raw.githubusercontent.com/frankie336/INE-VIRL/master/CCIE.RSv5.Workbook/INE.CCIE.RSv5.Workbook.14.node.base.topology.virl,CCIE.RSv5.Workbook,https://ine.com/
INE-VIRL/CCIE.RSv5.Workbook/advanced.technology.labs/ibgp.route.reflection.virl,https://raw.githubusercontent.com/frankie336/INE-VIRL/master/CCIE.RSv5.Workbook/advanced.technology.labs/ibgp.route.reflection.virl,https://raw.githubusercontent.com/frankie336/INE-VIRL/master/CCIE.RSv5.Workbook/INE.CCIE.RSv5.Workbook.14.node.base.topology.virl,CCIE.RSv5.Workbook,https://ine.com/
INE-VIRL/CCIE.RSv5.Workbook/advanced.technology.labs/ibgp.synchronization.virl,https://raw.githubusercontent.com/frankie336/INE-VIRL/master/CCIE.RSv5.Workbook/advanced.technology.labs/ibgp.synchronization.virl,https://raw.githubusercontent.com/frankie336/INE-VIRL/master/CCIE.RSv5.Workbook/INE.CCIE.RSv5.Workbook.14.node.base.topology.virl,CCIE.RSv5.Workbook,https://ine.com/
INE-VIRL/CCIE.RSv5.Workbook/advanced.technology.labs/initial.bgp.base.virl,https://raw.githubusercontent.com/frankie336/INE-VIRL/master/CCIE.RSv5.Workbook/advanced.technology.labs/initial.bgp.base.virl,https://raw.githubusercontent.com/frankie336/INE-VIRL/master/CCIE.RSv5.Workbook/INE.CCIE.RSv5.Workbook.14.node.base.topology.virl,CCIE.RSv5.Workbook,https://ine.com/
INE-VIRL/CCIE.RSv5.Workbook/advanced.technology.labs/initial.bgp.virl,https://raw.githubusercontent.com/frankie336/INE-VIRL/master/CCIE.RSv5.Workbook/advanced.technology.labs/initial.bgp.virl,https://raw.githubusercontent.com/frankie336/INE-VIRL/master/CCIE.RSv5.Workbook/INE.CCIE.RSv5.Workbook.14.node.base.topology.virl,CCIE.RSv5.Workbook,https://ine.com/
INE-VIRL/CCIE.RSv5.Workbook/advanced.technology.labs/initial.dhcp.authorized.arp.virl,https://raw.githubusercontent.com/frankie336/INE-VIRL/master/CCIE.RSv5.Workbook/advanced.technology.labs/initial.dhcp.authorized.arp.virl,https://raw.githubusercontent.com/frankie336/INE-VIRL/master/CCIE.RSv5.Workbook/INE.CCIE.RSv5.Workbook.14.node.base.topology.virl,CCIE.RSv5.Workbook,https://ine.com/
INE-VIRL/CCIE.RSv5.Workbook/advanced.technology.labs/initial.dhcp.information.option.virl,https://raw.githubusercontent.com/frankie336/INE-VIRL/master/CCIE.RSv5.Workbook/advanced.technology.labs/initial.dhcp.information.option.virl,https://raw.githubusercontent.com/frankie336/INE-VIRL/master/CCIE.RSv5.Workbook/INE.CCIE.RSv5.Workbook.14.node.base.topology.virl,CCIE.RSv5.Workbook,https://ine.com/
INE-VIRL/CCIE.RSv5.Workbook/advanced.technology.labs/initial.eigrp.virl,https://raw.githubusercontent.com/frankie336/INE-VIRL/master/CCIE.RSv5.Workbook/advanced.technology.labs/initial.eigrp.virl,https://raw.githubusercontent.com/frankie336/INE-VIRL/master/CCIE.RSv5.Workbook/INE.CCIE.RSv5.Workbook.14.node.base.topology.virl,CCIE.RSv5.Workbook,https://ine.com/
INE-VIRL/CCIE.RSv5.Workbook/advanced.technology.labs/initial.multicast.virl,https://raw.githubusercontent.com/frankie336/INE-VIRL/master/CCIE.RSv5.Workbook/advanced.technology.labs/initial.multicast.virl,https://raw.githubusercontent.com/frankie336/INE-VIRL/master/CCIE.RSv5.Workbook/INE.CCIE.RSv5.Workbook.14.node.base.topology.virl,CCIE.RSv5.Workbook,https://ine.com/
INE-VIRL/CCIE.RSv5.Workbook/advanced.technology.labs/initial.ospf.virl,https://raw.githubusercontent.com/frankie336/INE-VIRL/master/CCIE.RSv5.Workbook/advanced.technology.labs/initial.ospf.virl,https://raw.githubusercontent.com/frankie336/INE-VIRL/master/CCIE.RSv5.Workbook/INE.CCIE.RSv5.Workbook.14.node.base.topology.virl,CCIE.RSv5.Workbook,https://ine.com/
INE-VIRL/CCIE.RSv5.Workbook/advanced.technology.labs/initial.rip.virl,https://raw.githubusercontent.com/frankie336/INE-VIRL/master/CCIE.RSv5.Workbook/advanced.technology.labs/initial.rip.virl,https://raw.githubusercontent.com/frankie336/INE-VIRL/master/CCIE.RSv5.Workbook/INE.CCIE.RSv5.Workbook.14.node.base.topology.virl,CCIE.RSv5.Workbook,https://ine.com/
INE-VIRL/CCIE.RSv5.Workbook/advanced.technology.labs/inter.domain.multicast.msdp.virl,https://raw.githubusercontent.com/frankie336/INE-VIRL/master/CCIE.RSv5.Workbook/advanced.technology.labs/inter.domain.multicast.msdp.virl,https://raw.githubusercontent.com/frankie336/INE-VIRL/master/CCIE.RSv5.Workbook/INE.CCIE.RSv5.Workbook.14.node.base.topology.virl,CCIE.RSv5.Workbook,https://ine.com/
INE-VIRL/CCIE.RSv5.Workbook/advanced.technology.labs/inter.domain.multicast.virl,https://raw.githubusercontent.com/frankie336/INE-VIRL/master/CCIE.RSv5.Workbook/advanced.technology.labs/inter.domain.multicast.virl,https://raw.githubusercontent.com/frankie336/INE-VIRL/master/CCIE.RSv5.Workbook/INE.CCIE.RSv5.Workbook.14.node.base.topology.virl,CCIE.RSv5.Workbook,https://ine.com/
INE-VIRL/CCIE.RSv5.Workbook/advanced.technology.labs/ipsec.vpn.virl,https://raw.githubusercontent.com/frankie336/INE-VIRL/master/CCIE.RSv5.Workbook/advanced.technology.labs/ipsec.vpn.virl,https://raw.githubusercontent.com/frankie336/INE-VIRL/master/CCIE.RSv5.Workbook/INE.CCIE.RSv5.Workbook.14.node.base.topology.virl,CCIE.RSv5.Workbook,https://ine.com/
INE-VIRL/CCIE.RSv5.Workbook/advanced.technology.labs/ip.services.initial.virl,https://raw.githubusercontent.com/frankie336/INE-VIRL/master/CCIE.RSv5.Workbook/advanced.technology.labs/ip.services.initial.virl,https://raw.githubusercontent.com/frankie336/INE-VIRL/master/CCIE.RSv5.Workbook/INE.CCIE.RSv5.Workbook.14.node.base.topology.virl,CCIE.RSv5.Workbook,https://ine.com/
INE-VIRL/CCIE.RSv5.Workbook/advanced.technology.labs/ipv6.global.initial.virl,https://raw.githubusercontent.com/frankie336/INE-VIRL/master/CCIE.RSv5.Workbook/advanced.technology.labs/ipv6.global.initial.virl,https://raw.githubusercontent.com/frankie336/INE-VIRL/master/CCIE.RSv5.Workbook/INE.CCIE.RSv5.Workbook.14.node.base.topology.virl,CCIE.RSv5.Workbook,https://ine.com/
INE-VIRL/CCIE.RSv5.Workbook/advanced.technology.labs/ipv6.initial.virl,https://raw.githubusercontent.com/frankie336/INE-VIRL/master/CCIE.RSv5.Workbook/advanced.technology.labs/ipv6.initial.virl,https://raw.githubusercontent.com/frankie336/INE-VIRL/master/CCIE.RSv5.Workbook/INE.CCIE.RSv5.Workbook.14.node.base.topology.virl,CCIE.RSv5.Workbook,https://ine.com/
INE-VIRL/CCIE.RSv5.Workbook/advanced.technology.labs/ipv6.multicast.initial.virl,https://raw.githubusercontent.com/frankie336/INE-VIRL/master/CCIE.RSv5.Workbook/advanced.technology.labs/ipv6.multicast.initial.virl,https://raw.githubusercontent.com/frankie336/INE-VIRL/master/CCIE.RSv5.Workbook/INE.CCIE.RSv5.Workbook.14.node.base.topology.virl,CCIE.RSv5.Workbook,https://ine.com/
INE-VIRL/CCIE.RSv5.Workbook/advanced.technology.labs/ipv6.nbma.initial.virl,https://raw.githubusercontent.com/frankie336/INE-VIRL/master/CCIE.RSv5.Workbook/advanced.technology.labs/ipv6.nbma.initial.virl,https://raw.githubusercontent.com/frankie336/INE-VIRL/master/CCIE.RSv5.Workbook/INE.CCIE.RSv5.Workbook.14.node.base.topology.virl,CCIE.RSv5.Workbook,https://ine.com/
INE-VIRL/CCIE.RSv5.Workbook/advanced.technology.labs/ipv6.redistribution.initial.virl,https://raw.githubusercontent.com/frankie336/INE-VIRL/master/CCIE.RSv5.Workbook/advanced.technology.labs/ipv6.redistribution.initial.virl,https://raw.githubusercontent.com/frankie336/INE-VIRL/master/CCIE.RSv5.Workbook/INE.CCIE.RSv5.Workbook.14.node.base.topology.virl,CCIE.RSv5.Workbook,https://ine.com/
INE-VIRL/CCIE.RSv5.Workbook/advanced.technology.labs/lan.switching.initial.spanning.tree.virl,https://raw.githubusercontent.com/frankie336/INE-VIRL/master/CCIE.RSv5.Workbook/advanced.technology.labs/lan.switching.initial.spanning.tree.virl,https://raw.githubusercontent.com/frankie336/INE-VIRL/master/CCIE.RSv5.Workbook/INE.CCIE.RSv5.Workbook.14.node.base.topology.virl,CCIE.RSv5.Workbook,https://ine.com/
INE-VIRL/CCIE.RSv5.Workbook/advanced.technology.labs/lan.switching.initial.spanning.tree.virl.bak,https://raw.githubusercontent.com/frankie336/INE-VIRL/master/CCIE.RSv5.Workbook/advanced.technology.labs/lan.switching.initial.spanning.tree.virl.bak,https://raw.githubusercontent.com/frankie336/INE-VIRL/master/CCIE.RSv5.Workbook/INE.CCIE.RSv5.Workbook.14.node.base.topology.virl,CCIE.RSv5.Workbook,https://ine.com/
INE-VIRL/CCIE.RSv5.Workbook/advanced.technology.labs/lan.switching.initial.vtp.virl,https://raw.githubusercontent.com/frankie336/INE-VIRL/master/CCIE.RSv5.Workbook/advanced.technology.labs/lan.switching.initial.vtp.virl,https://raw.githubusercontent.com/frankie336/INE-VIRL/master/CCIE.RSv5.Workbook/INE.CCIE.RSv5.Workbook.14.node.base.topology.virl,CCIE.RSv5.Workbook,https://ine.com/
INE-VIRL/CCIE.RSv5.Workbook/advanced.technology.labs/lan.switching.initial.vtp.virl.bak,https://raw.githubusercontent.com/frankie336/INE-VIRL/master/CCIE.RSv5.Workbook/advanced.technology.labs/lan.switching.initial.vtp.virl.bak,https://raw.githubusercontent.com/frankie336/INE-VIRL/master/CCIE.RSv5.Workbook/INE.CCIE.RSv5.Workbook.14.node.base.topology.virl,CCIE.RSv5.Workbook,https://ine.com/
INE-VIRL/CCIE.RSv5.Workbook/advanced.technology.labs/large.scale.ibgp.route.reflection.virl,https://raw.githubusercontent.com/frankie336/INE-VIRL/master/CCIE.RSv5.Workbook/advanced.technology.labs/large.scale.ibgp.route.reflection.virl,https://raw.githubusercontent.com/frankie336/INE-VIRL/master/CCIE.RSv5.Workbook/INE.CCIE.RSv5.Workbook.14.node.base.topology.virl,CCIE.RSv5.Workbook,https://ine.com/
INE-VIRL/CCIE.RSv5.Workbook/advanced.technology.labs/mpls.bgp.soo.attribute.virl,https://raw.githubusercontent.com/frankie336/INE-VIRL/master/CCIE.RSv5.Workbook/advanced.technology.labs/mpls.bgp.soo.attribute.virl,https://raw.githubusercontent.com/frankie336/INE-VIRL/master/CCIE.RSv5.Workbook/INE.CCIE.RSv5.Workbook.14.node.base.topology.virl,CCIE.RSv5.Workbook,https://ine.com/
INE-VIRL/CCIE.RSv5.Workbook/advanced.technology.labs/mpls.eigrp.site.of.origin.virl,https://raw.githubusercontent.com/frankie336/INE-VIRL/master/CCIE.RSv5.Workbook/advanced.technology.labs/mpls.eigrp.site.of.origin.virl,https://raw.githubusercontent.com/frankie336/INE-VIRL/master/CCIE.RSv5.Workbook/INE.CCIE.RSv5.Workbook.14.node.base.topology.virl,CCIE.RSv5.Workbook,https://ine.com/
INE-VIRL/CCIE.RSv5.Workbook/advanced.technology.labs/mpls.internet.access.virl,https://raw.githubusercontent.com/frankie336/INE-VIRL/master/CCIE.RSv5.Workbook/advanced.technology.labs/mpls.internet.access.virl,https://raw.githubusercontent.com/frankie336/INE-VIRL/master/CCIE.RSv5.Workbook/INE.CCIE.RSv5.Workbook.14.node.base.topology.virl,CCIE.RSv5.Workbook,https://ine.com/
INE-VIRL/CCIE.RSv5.Workbook/advanced.technology.labs/mpls.label.filtering.virl,https://raw.githubusercontent.com/frankie336/INE-VIRL/master/CCIE.RSv5.Workbook/advanced.technology.labs/mpls.label.filtering.virl,https://raw.githubusercontent.com/frankie336/INE-VIRL/master/CCIE.RSv5.Workbook/INE.CCIE.RSv5.Workbook.14.node.base.topology.virl,CCIE.RSv5.Workbook,https://ine.com/
INE-VIRL/CCIE.RSv5.Workbook/advanced.technology.labs/mpls.ldp.virl,https://raw.githubusercontent.com/frankie336/INE-VIRL/master/CCIE.RSv5.Workbook/advanced.technology.labs/mpls.ldp.virl,https://raw.githubusercontent.com/frankie336/INE-VIRL/master/CCIE.RSv5.Workbook/INE.CCIE.RSv5.Workbook.14.node.base.topology.virl,CCIE.RSv5.Workbook,https://ine.com/
INE-VIRL/CCIE.RSv5.Workbook/advanced.technology.labs/mpls.mp.bgp.prefix.filtering.virl,https://raw.githubusercontent.com/frankie336/INE-VIRL/master/CCIE.RSv5.Workbook/advanced.technology.labs/mpls.mp.bgp.prefix.filtering.virl,https://raw.githubusercontent.com/frankie336/INE-VIRL/master/CCIE.RSv5.Workbook/INE.CCIE.RSv5.Workbook.14.node.base.topology.virl,CCIE.RSv5.Workbook,https://ine.com/
INE-VIRL/CCIE.RSv5.Workbook/advanced.technology.labs/mpls.mp.bgp.vpnv4.virl,https://raw.githubusercontent.com/frankie336/INE-VIRL/master/CCIE.RSv5.Workbook/advanced.technology.labs/mpls.mp.bgp.vpnv4.virl,https://raw.githubusercontent.com/frankie336/INE-VIRL/master/CCIE.RSv5.Workbook/INE.CCIE.RSv5.Workbook.14.node.base.topology.virl,CCIE.RSv5.Workbook,https://ine.com/
INE-VIRL/CCIE.RSv5.Workbook/advanced.technology.labs/mpls.ospf.sham.link.virl,https://raw.githubusercontent.com/frankie336/INE-VIRL/master/CCIE.RSv5.Workbook/advanced.technology.labs/mpls.ospf.sham.link.virl,https://raw.githubusercontent.com/frankie336/INE-VIRL/master/CCIE.RSv5.Workbook/INE.CCIE.RSv5.Workbook.14.node.base.topology.virl,CCIE.RSv5.Workbook,https://ine.com/
INE-VIRL/CCIE.RSv5.Workbook/advanced.technology.labs/mpls.pe.ce.routing.with.bgp.virl,https://raw.githubusercontent.com/frankie336/INE-VIRL/master/CCIE.RSv5.Workbook/advanced.technology.labs/mpls.pe.ce.routing.with.bgp.virl,https://raw.githubusercontent.com/frankie336/INE-VIRL/master/CCIE.RSv5.Workbook/INE.CCIE.RSv5.Workbook.14.node.base.topology.virl,CCIE.RSv5.Workbook,https://ine.com/
INE-VIRL/CCIE.RSv5.Workbook/advanced.technology.labs/mpls.pe.ce.routing.with.eigrp.virl,https://raw.githubusercontent.com/frankie336/INE-VIRL/master/CCIE.RSv5.Workbook/advanced.technology.labs/mpls.pe.ce.routing.with.eigrp.virl,https://raw.githubusercontent.com/frankie336/INE-VIRL/master/CCIE.RSv5.Workbook/INE.CCIE.RSv5.Workbook.14.node.base.topology.virl,CCIE.RSv5.Workbook,https://ine.com/
INE-VIRL/CCIE.RSv5.Workbook/advanced.technology.labs/mpls.pe.ce.routing.with.ospf.virl,https://raw.githubusercontent.com/frankie336/INE-VIRL/master/CCIE.RSv5.Workbook/advanced.technology.labs/mpls.pe.ce.routing.with.ospf.virl,https://raw.githubusercontent.com/frankie336/INE-VIRL/master/CCIE.RSv5.Workbook/INE.CCIE.RSv5.Workbook.14.node.base.topology.virl,CCIE.RSv5.Workbook,https://ine.com/
INE-VIRL/CCIE.RSv5.Workbook/advanced.technology.labs/mpls.pe.ce.routing.with.rip.virl,https://raw.githubusercontent.com/frankie336/INE-VIRL/master/CCIE.RSv5.Workbook/advanced.technology.labs/mpls.pe.ce.routing.with.rip.virl,https://raw.githubusercontent.com/frankie336/INE-VIRL/master/CCIE.RSv5.Workbook/INE.CCIE.RSv5.Workbook.14.node.base.topology.virl,CCIE.RSv5.Workbook,https://ine.com/
INE-VIRL/CCIE.RSv5.Workbook/advanced.technology.labs/mpls.vpn.performance.tuning.virl,https://raw.githubusercontent.com/frankie336/INE-VIRL/master/CCIE.RSv5.Workbook/advanced.technology.labs/mpls.vpn.performance.tuning.virl,https://raw.githubusercontent.com/frankie336/INE-VIRL/master/CCIE.RSv5.Workbook/INE.CCIE.RSv5.Workbook.14.node.base.topology.virl,CCIE.RSv5.Workbook,https://ine.com/
INE-VIRL/CCIE.RSv5.Workbook/advanced.technology.labs/mpls.vrf.lite.virl,https://raw.githubusercontent.com/frankie336/INE-VIRL/master/CCIE.RSv5.Workbook/advanced.technology.labs/mpls.vrf.lite.virl,https://raw.githubusercontent.com/frankie336/INE-VIRL/master/CCIE.RSv5.Workbook/INE.CCIE.RSv5.Workbook.14.node.base.topology.virl,CCIE.RSv5.Workbook,https://ine.com/
INE-VIRL/CCIE.RSv5.Workbook/advanced.technology.labs/object.tracking.initial.virl,https://raw.githubusercontent.com/frankie336/INE-VIRL/master/CCIE.RSv5.Workbook/advanced.technology.labs/object.tracking.initial.virl,https://raw.githubusercontent.com/frankie336/INE-VIRL/master/CCIE.RSv5.Workbook/INE.CCIE.RSv5.Workbook.14.node.base.topology.virl,CCIE.RSv5.Workbook,https://ine.com/
INE-VIRL/CCIE.RSv5.Workbook/advanced.technology.labs/ospfv3.basic.virl,https://raw.githubusercontent.com/frankie336/INE-VIRL/master/CCIE.RSv5.Workbook/advanced.technology.labs/ospfv3.basic.virl,https://raw.githubusercontent.com/frankie336/INE-VIRL/master/CCIE.RSv5.Workbook/INE.CCIE.RSv5.Workbook.14.node.base.topology.virl,CCIE.RSv5.Workbook,https://ine.com/
INE-VIRL/CCIE.RSv5.Workbook/advanced.technology.labs/ospfv3.initial.virl,https://raw.githubusercontent.com/frankie336/INE-VIRL/master/CCIE.RSv5.Workbook/advanced.technology.labs/ospfv3.initial.virl,https://raw.githubusercontent.com/frankie336/INE-VIRL/master/CCIE.RSv5.Workbook/INE.CCIE.RSv5.Workbook.14.node.base.topology.virl,CCIE.RSv5.Workbook,https://ine.com/
INE-VIRL/CCIE.RSv5.Workbook/advanced.technology.labs/qos.initial.virl,https://raw.githubusercontent.com/frankie336/INE-VIRL/master/CCIE.RSv5.Workbook/advanced.technology.labs/qos.initial.virl,https://raw.githubusercontent.com/frankie336/INE-VIRL/master/CCIE.RSv5.Workbook/INE.CCIE.RSv5.Workbook.14.node.base.topology.virl,CCIE.RSv5.Workbook,https://ine.com/
INE-VIRL/CCIE.RSv5.Workbook/advanced.technology.labs/ripng.initial.virl,https://raw.githubusercontent.com/frankie336/INE-VIRL/master/CCIE.RSv5.Workbook/advanced.technology.labs/ripng.initial.virl,https://raw.githubusercontent.com/frankie336/INE-VIRL/master/CCIE.RSv5.Workbook/INE.CCIE.RSv5.Workbook.14.node.base.topology.virl,CCIE.RSv5.Workbook,https://ine.com/
INE-VIRL/CCIE.RSv5.Workbook/advanced.technology.labs/security.initial.virl,https://raw.githubusercontent.com/frankie336/INE-VIRL/master/CCIE.RSv5.Workbook/advanced.technology.labs/security.initial.virl,https://raw.githubusercontent.com/frankie336/INE-VIRL/master/CCIE.RSv5.Workbook/INE.CCIE.RSv5.Workbook.14.node.base.topology.virl,CCIE.RSv5.Workbook,https://ine.com/
INE-VIRL/CCIE.RSv5.Workbook/advanced.troubleshooting.labs/troubleshooting.lab.1.with.broken.initial.configs.virl,https://raw.githubusercontent.com/frankie336/INE-VIRL/master/CCIE.RSv5.Workbook/advanced.troubleshooting.labs/troubleshooting.lab.1.with.broken.initial.configs.virl,https://raw.githubusercontent.com/frankie336/INE-VIRL/master/CCIE.RSv5.Workbook/INE.CCIE.RSv5.Workbook.14.node.base.topology.virl,CCIE.RSv5.Workbook,https://ine.com/
INE-VIRL/CCIE.RSv5.Workbook/advanced.troubleshooting.labs/troubleshooting.lab.1.with.working.initial.configs.virl,https://raw.githubusercontent.com/frankie336/INE-VIRL/master/CCIE.RSv5.Workbook/advanced.troubleshooting.labs/troubleshooting.lab.1.with.working.initial.configs.virl,https://raw.githubusercontent.com/frankie336/INE-VIRL/master/CCIE.RSv5.Workbook/INE.CCIE.RSv5.Workbook.14.node.base.topology.virl,CCIE.RSv5.Workbook,https://ine.com/
INE-VIRL/CCIE.RSv5.Workbook/advanced.troubleshooting.labs/troubleshooting.lab.2.with.broken.initial.configs.virl,https://raw.githubusercontent.com/frankie336/INE-VIRL/master/CCIE.RSv5.Workbook/advanced.troubleshooting.labs/troubleshooting.lab.2.with.broken.initial.configs.virl,https://raw.githubusercontent.com/frankie336/INE-VIRL/master/CCIE.RSv5.Workbook/INE.CCIE.RSv5.Workbook.14.node.base.topology.virl,CCIE.RSv5.Workbook,https://ine.com/
INE-VIRL/CCIE.RSv5.Workbook/advanced.troubleshooting.labs/troubleshooting.lab.2.with.working.initial.configs.virl,https://raw.githubusercontent.com/frankie336/INE-VIRL/master/CCIE.RSv5.Workbook/advanced.troubleshooting.labs/troubleshooting.lab.2.with.working.initial.configs.virl,https://raw.githubusercontent.com/frankie336/INE-VIRL/master/CCIE.RSv5.Workbook/INE.CCIE.RSv5.Workbook.14.node.base.topology.virl,CCIE.RSv5.Workbook,https://ine.com/
INE-VIRL/CCIE.RSv5.Workbook/advanced.troubleshooting.labs/troubleshooting.lab.3.with.broken.initial.configs.virl,https://raw.githubusercontent.com/frankie336/INE-VIRL/master/CCIE.RSv5.Workbook/advanced.troubleshooting.labs/troubleshooting.lab.3.with.broken.initial.configs.virl,https://raw.githubusercontent.com/frankie336/INE-VIRL/master/CCIE.RSv5.Workbook/INE.CCIE.RSv5.Workbook.14.node.base.topology.virl,CCIE.RSv5.Workbook,https://ine.com/
INE-VIRL/CCIE.RSv5.Workbook/advanced.troubleshooting.labs/troubleshooting.lab.3.with.working.initial.configs.virl,https://raw.githubusercontent.com/frankie336/INE-VIRL/master/CCIE.RSv5.Workbook/advanced.troubleshooting.labs/troubleshooting.lab.3.with.working.initial.configs.virl,https://raw.githubusercontent.com/frankie336/INE-VIRL/master/CCIE.RSv5.Workbook/INE.CCIE.RSv5.Workbook.14.node.base.topology.virl,CCIE.RSv5.Workbook,https://ine.com/
INE-VIRL/CCIE.RSv5.Workbook/full-scale.labs/full.scale.lab.1.virl,https://raw.githubusercontent.com/frankie336/INE-VIRL/master/CCIE.RSv5.Workbook/full-scale.labs/full.scale.lab.1.virl,https://raw.githubusercontent.com/frankie336/INE-VIRL/master/CCIE.RSv5.Workbook/INE.CCIE.RSv5.Workbook.24.node.base.topology.virl,CCIE.RSv5.Workbook,https://ine.com/
INE-VIRL/CCIE.RSv5.Workbook/full-scale.labs/full.scale.lab.2.virl,https://raw.githubusercontent.com/frankie336/INE-VIRL/master/CCIE.RSv5.Workbook/full-scale.labs/full.scale.lab.2.virl,https://raw.githubusercontent.com/frankie336/INE-VIRL/master/CCIE.RSv5.Workbook/INE.CCIE.RSv5.Workbook.24.node.base.topology.virl,CCIE.RSv5.Workbook,https://ine.com/
INE-VIRL/CCIE.RSv5.Workbook/full-scale.labs/full.scale.lab.3.virl,https://raw.githubusercontent.com/frankie336/INE-VIRL/master/CCIE.RSv5.Workbook/full-scale.labs/full.scale.lab.3.virl,https://raw.githubusercontent.com/frankie336/INE-VIRL/master/CCIE.RSv5.Workbook/INE.CCIE.RSv5.Workbook.24.node.base.topology.virl,CCIE.RSv5.Workbook,https://ine.com/
INE-VIRL/CCIE.RSv5.Workbook/mock.labs/mock.lab.1.section.1.troubleshooting.virl,https://raw.githubusercontent.com/frankie336/INE-VIRL/master/CCIE.RSv5.Workbook/mock.labs/mock.lab.1.section.1.troubleshooting.virl,https://raw.githubusercontent.com/frankie336/INE-VIRL/master/CCIE.RSv5.Workbook/INE.CCIE.RSv5.Workbook.14.node.base.topology.virl,CCIE.RSv5.Workbook,https://ine.com/
INE-VIRL/CCIE.RSv5.Workbook/mock.labs/mock.lab.1.section.2.configuration.virl,https://raw.githubusercontent.com/frankie336/INE-VIRL/master/CCIE.RSv5.Workbook/mock.labs/mock.lab.1.section.2.configuration.virl,https://raw.githubusercontent.com/frankie336/INE-VIRL/master/CCIE.RSv5.Workbook/INE.CCIE.RSv5.Workbook.14.node.base.topology.virl,CCIE.RSv5.Workbook,https://ine.com/
INE-VIRL/CCIE.RSv5.Workbook/mock.labs/mock.lab.2.section.1.troubleshooting.virl,https://raw.githubusercontent.com/frankie336/INE-VIRL/master/CCIE.RSv5.Workbook/mock.labs/mock.lab.2.section.1.troubleshooting.virl,https://raw.githubusercontent.com/frankie336/INE-VIRL/master/CCIE.RSv5.Workbook/INE.CCIE.RSv5.Workbook.14.node.base.topology.virl,CCIE.RSv5.Workbook,https://ine.com/
INE-VIRL/CCIE.RSv5.Workbook/mock.labs/mock.lab.2.section.2.configuration.virl,https://raw.githubusercontent.com/frankie336/INE-VIRL/master/CCIE.RSv5.Workbook/mock.labs/mock.lab.2.section.2.configuration.virl,https://raw.githubusercontent.com/frankie336/INE-VIRL/master/CCIE.RSv5.Workbook/INE.CCIE.RSv5.Workbook.14.node.base.topology.virl,CCIE.RSv5.Workbook,https://ine.com/
INE-VIRL/CCIE.RSv5.Workbook/INE.CCIE.RSv5.Workbook.14.node.base.topology.virl,https://raw.githubusercontent.com/frankie336/INE-VIRL/master/CCIE.RSv5.Workbook/INE.CCIE.RSv5.Workbook.14.node.base.topology.virl,https://raw.githubusercontent.com/frankie336/INE-VIRL/master/CCIE.RSv5.Workbook/INE.CCIE.RSv5.Workbook.14.node.base.topology.virl,CCIE.RSv5.Workbook,https://ine.com/
INE-VIRL/CCIE.RSv5.Workbook/INE.CCIE.RSv5.Workbook.24.node.base.topology.virl,https://raw.githubusercontent.com/frankie336/INE-VIRL/master/CCIE.RSv5.Workbook/INE.CCIE.RSv5.Workbook.24.node.base.topology.virl,https://raw.githubusercontent.com/frankie336/INE-VIRL/master/CCIE.RSv5.Workbook/INE.CCIE.RSv5.Workbook.14.node.base.topology.virl,CCIE.RSv5.Workbook,https://ine.com/
INE-VIRL/CCIE.SPv4.Bootcamp/INE.CCIE.SPv4.Bootcamp.Assessment.Lab.Solutions.Through.2.6.virl,https://raw.githubusercontent.com/frankie336/INE-VIRL/master/CCIE.SPv4.Bootcamp/INE.CCIE.SPv4.Bootcamp.Assessment.Lab.Solutions.Through.2.6.virl,https://raw.githubusercontent.com/frankie336/INE-VIRL/master/CCIE.RSv5.Workbook/INE.CCIE.RSv5.Workbook.14.node.base.topology.virl,CCIE.SPv4.Bootcamp,https://ine.com/
INE-VIRL/CCIE.SPv4.Bootcamp/INE.CCIE.SPv4.Bootcamp.Assessment.Lab.Solutions.Through.3.5.virl,https://raw.githubusercontent.com/frankie336/INE-VIRL/master/CCIE.SPv4.Bootcamp/INE.CCIE.SPv4.Bootcamp.Assessment.Lab.Solutions.Through.3.5.virl,https://raw.githubusercontent.com/frankie336/INE-VIRL/master/CCIE.RSv5.Workbook/INE.CCIE.RSv5.Workbook.14.node.base.topology.virl,CCIE.SPv4.Bootcamp,https://ine.com/
INE-VIRL/CCIE.SPv4.Bootcamp/INE.CCIE.SPv4.Bootcamp.Assessment.Lab.Solutions.Through.6.1.virl,https://raw.githubusercontent.com/frankie336/INE-VIRL/master/CCIE.SPv4.Bootcamp/INE.CCIE.SPv4.Bootcamp.Assessment.Lab.Solutions.Through.6.1.virl,https://raw.githubusercontent.com/frankie336/INE-VIRL/master/CCIE.RSv5.Workbook/INE.CCIE.RSv5.Workbook.14.node.base.topology.virl,CCIE.SPv4.Bootcamp,https://ine.com/
INE-VIRL/CCIE.SPv4.Bootcamp/INE.CCIE.SPv4.Bootcamp.Assessment.Lab.virl,https://raw.githubusercontent.com/frankie336/INE-VIRL/master/CCIE.SPv4.Bootcamp/INE.CCIE.SPv4.Bootcamp.Assessment.Lab.virl,https://raw.githubusercontent.com/frankie336/INE-VIRL/master/CCIE.RSv5.Workbook/INE.CCIE.RSv5.Workbook.14.node.base.topology.virl,CCIE.SPv4.Bootcamp,https://ine.com/
INE-VIRL/CCIE.SPv4.Bootcamp/INE.CCIE.SPv4.Bootcamp.Challenge.Lab.Solutions.through.3.2.virl,https://raw.githubusercontent.com/frankie336/INE-VIRL/master/CCIE.SPv4.Bootcamp/INE.CCIE.SPv4.Bootcamp.Challenge.Lab.Solutions.through.3.2.virl,https://raw.githubusercontent.com/frankie336/INE-VIRL/master/CCIE.RSv5.Workbook/INE.CCIE.RSv5.Workbook.14.node.base.topology.virl,CCIE.SPv4.Bootcamp,https://ine.com/
INE-VIRL/CCIE.SPv4.Bootcamp/INE.CCIE.SPv4.Bootcamp.Challenge.Lab.Solutions.through.4.1.virl,https://raw.githubusercontent.com/frankie336/INE-VIRL/master/CCIE.SPv4.Bootcamp/INE.CCIE.SPv4.Bootcamp.Challenge.Lab.Solutions.through.4.1.virl,https://raw.githubusercontent.com/frankie336/INE-VIRL/master/CCIE.RSv5.Workbook/INE.CCIE.RSv5.Workbook.14.node.base.topology.virl,CCIE.SPv4.Bootcamp,https://ine.com/
INE-VIRL/CCIE.SPv4.Bootcamp/INE.CCIE.SPv4.Bootcamp.Challenge.Lab.Solutions.through.6.1.virl,https://raw.githubusercontent.com/frankie336/INE-VIRL/master/CCIE.SPv4.Bootcamp/INE.CCIE.SPv4.Bootcamp.Challenge.Lab.Solutions.through.6.1.virl,https://raw.githubusercontent.com/frankie336/INE-VIRL/master/CCIE.RSv5.Workbook/INE.CCIE.RSv5.Workbook.14.node.base.topology.virl,CCIE.SPv4.Bootcamp,https://ine.com/
INE-VIRL/CCIE.SPv4.Bootcamp/INE.CCIE.SPv4.Bootcamp.Challenge.Lab.Solutions.through.8.1.virl,https://raw.githubusercontent.com/frankie336/INE-VIRL/master/CCIE.SPv4.Bootcamp/INE.CCIE.SPv4.Bootcamp.Challenge.Lab.Solutions.through.8.1.virl,https://raw.githubusercontent.com/frankie336/INE-VIRL/master/CCIE.RSv5.Workbook/INE.CCIE.RSv5.Workbook.14.node.base.topology.virl,CCIE.SPv4.Bootcamp,https://ine.com/
INE-VIRL/CCIE.SPv4.Bootcamp/INE.CCIE.SPv4.Bootcamp.Challenge.Lab.solutions.through.3.3.virl,https://raw.githubusercontent.com/frankie336/INE-VIRL/master/CCIE.SPv4.Bootcamp/INE.CCIE.SPv4.Bootcamp.Challenge.Lab.solutions.through.3.3.virl,https://raw.githubusercontent.com/frankie336/INE-VIRL/master/CCIE.RSv5.Workbook/INE.CCIE.RSv5.Workbook.14.node.base.topology.virl,CCIE.SPv4.Bootcamp,https://ine.com/
INE-VIRL/CCIE.SPv4.Bootcamp/INE.CCIE.SPv4.Bootcamp.Challenge.Lab.virl,https://raw.githubusercontent.com/frankie336/INE-VIRL/master/CCIE.SPv4.Bootcamp/INE.CCIE.SPv4.Bootcamp.Challenge.Lab.virl,https://raw.githubusercontent.com/frankie336/INE-VIRL/master/CCIE.RSv5.Workbook/INE.CCIE.RSv5.Workbook.14.node.base.topology.virl,CCIE.SPv4.Bootcamp,https://ine.com/
INE-VIRL/CCIE.SPv4.Bootcamp/INE.CCIE.SPv4.Bootcamp.Challenge.Lab.without.addressing.virl,https://raw.githubusercontent.com/frankie336/INE-VIRL/master/CCIE.SPv4.Bootcamp/INE.CCIE.SPv4.Bootcamp.Challenge.Lab.without.addressing.virl,https://raw.githubusercontent.com/frankie336/INE-VIRL/master/CCIE.RSv5.Workbook/INE.CCIE.RSv5.Workbook.14.node.base.topology.virl,CCIE.SPv4.Bootcamp,https://ine.com/
INE-VIRL/CCIE.SPv4.Bootcamp/INE.CCIE.SPv4.Bootcamp.Expanded.Lab.Solutions.Through.4.1.virl,https://raw.githubusercontent.com/frankie336/INE-VIRL/master/CCIE.SPv4.Bootcamp/INE.CCIE.SPv4.Bootcamp.Expanded.Lab.Solutions.Through.4.1.virl,https://raw.githubusercontent.com/frankie336/INE-VIRL/master/CCIE.RSv5.Workbook/INE.CCIE.RSv5.Workbook.14.node.base.topology.virl,CCIE.SPv4.Bootcamp,https://ine.com/
INE-VIRL/CCIE.SPv4.Bootcamp/INE.CCIE.SPv4.Bootcamp.Expanded.Lab.Solutions.Through.5.1.virl,https://raw.githubusercontent.com/frankie336/INE-VIRL/master/CCIE.SPv4.Bootcamp/INE.CCIE.SPv4.Bootcamp.Expanded.Lab.Solutions.Through.5.1.virl,https://raw.githubusercontent.com/frankie336/INE-VIRL/master/CCIE.RSv5.Workbook/INE.CCIE.RSv5.Workbook.14.node.base.topology.virl,CCIE.SPv4.Bootcamp,https://ine.com/
INE-VIRL/CCIE.SPv4.Bootcamp/INE.CCIE.SPv4.Bootcamp.Expanded.Lab.Solutions.Through.7.1.virl,https://raw.githubusercontent.com/frankie336/INE-VIRL/master/CCIE.SPv4.Bootcamp/INE.CCIE.SPv4.Bootcamp.Expanded.Lab.Solutions.Through.7.1.virl,https://raw.githubusercontent.com/frankie336/INE-VIRL/master/CCIE.RSv5.Workbook/INE.CCIE.RSv5.Workbook.14.node.base.topology.virl,CCIE.SPv4.Bootcamp,https://ine.com/
INE-VIRL/CCIE.SPv4.Bootcamp/INE.CCIE.SPv4.Bootcamp.Expanded.Lab.Solutions.Through.8.1.virl,https://raw.githubusercontent.com/frankie336/INE-VIRL/master/CCIE.SPv4.Bootcamp/INE.CCIE.SPv4.Bootcamp.Expanded.Lab.Solutions.Through.8.1.virl,https://raw.githubusercontent.com/frankie336/INE-VIRL/master/CCIE.RSv5.Workbook/INE.CCIE.RSv5.Workbook.14.node.base.topology.virl,CCIE.SPv4.Bootcamp,https://ine.com/
INE-VIRL/CCIE.SPv4.Bootcamp/INE.CCIE.SPv4.Bootcamp.Expanded.Lab.Solutions.Through.8.5.virl,https://raw.githubusercontent.com/frankie336/INE-VIRL/master/CCIE.SPv4.Bootcamp/INE.CCIE.SPv4.Bootcamp.Expanded.Lab.Solutions.Through.8.5.virl,https://raw.githubusercontent.com/frankie336/INE-VIRL/master/CCIE.RSv5.Workbook/INE.CCIE.RSv5.Workbook.14.node.base.topology.virl,CCIE.SPv4.Bootcamp,https://ine.com/
INE-VIRL/CCIE.SPv4.Bootcamp/INE.CCIE.SPv4.Bootcamp.Expanded.Lab.virl,https://raw.githubusercontent.com/frankie336/INE-VIRL/master/CCIE.SPv4.Bootcamp/INE.CCIE.SPv4.Bootcamp.Expanded.Lab.virl,https://raw.githubusercontent.com/frankie336/INE-VIRL/master/CCIE.RSv5.Workbook/INE.CCIE.RSv5.Workbook.14.node.base.topology.virl,CCIE.SPv4.Bootcamp,https://ine.com/
INE-VIRL/CCIE.SPv4.Bootcamp/INE.CCIE.SPv4.Bootcamp.MVPN.Profiles.003.virl,https://raw.githubusercontent.com/frankie336/INE-VIRL/master/CCIE.SPv4.Bootcamp/INE.CCIE.SPv4.Bootcamp.MVPN.Profiles.003.virl,https://raw.githubusercontent.com/frankie336/INE-VIRL/master/CCIE.RSv5.Workbook/INE.CCIE.RSv5.Workbook.14.node.base.topology.virl,CCIE.SPv4.Bootcamp,https://ine.com/
INE-VIRL/CCIE.SPv4.Bootcamp/INE.CCIE.SPv4.Bootcamp.Troubleshooting.Lab.1.Working.Configs.virl,https://raw.githubusercontent.com/frankie336/INE-VIRL/master/CCIE.SPv4.Bootcamp/INE.CCIE.SPv4.Bootcamp.Troubleshooting.Lab.1.Working.Configs.virl,https://raw.githubusercontent.com/frankie336/INE-VIRL/master/CCIE.RSv5.Workbook/INE.CCIE.RSv5.Workbook.14.node.base.topology.virl,CCIE.SPv4.Bootcamp,https://ine.com/
INE-VIRL/CCIE.SPv4.Bootcamp/INE.CCIE.SPv4.Bootcamp.Troubleshooting.Lab.1.broken.configs.virl,https://raw.githubusercontent.com/frankie336/INE-VIRL/master/CCIE.SPv4.Bootcamp/INE.CCIE.SPv4.Bootcamp.Troubleshooting.Lab.1.broken.configs.virl,https://raw.githubusercontent.com/frankie336/INE-VIRL/master/CCIE.RSv5.Workbook/INE.CCIE.RSv5.Workbook.14.node.base.topology.virl,CCIE.SPv4.Bootcamp,https://ine.com/
INE-VIRL/CCIE.SPv4.Bootcamp/INE.CCIE.SPv4.Bootcamp.Troubleshooting.Lab.2.Working.Configs.virl,https://raw.githubusercontent.com/frankie336/INE-VIRL/master/CCIE.SPv4.Bootcamp/INE.CCIE.SPv4.Bootcamp.Troubleshooting.Lab.2.Working.Configs.virl,https://raw.githubusercontent.com/frankie336/INE-VIRL/master/CCIE.RSv5.Workbook/INE.CCIE.RSv5.Workbook.14.node.base.topology.virl,CCIE.SPv4.Bootcamp,https://ine.com/
INE-VIRL/CCIE.SPv4.Bootcamp/INE.CCIE.SPv4.Bootcamp.Troubleshooting.Lab.2.broken.configs.virl,https://raw.githubusercontent.com/frankie336/INE-VIRL/master/CCIE.SPv4.Bootcamp/INE.CCIE.SPv4.Bootcamp.Troubleshooting.Lab.2.broken.configs.virl,https://raw.githubusercontent.com/frankie336/INE-VIRL/master/CCIE.RSv5.Workbook/INE.CCIE.RSv5.Workbook.14.node.base.topology.virl,CCIE.SPv4.Bootcamp,https://ine.com/
INE-VIRL/CCIE.SPv4.Bootcamp/archive/000001.dcloud.2017.05.01.INE.CCIE.SPv4.Bootcamp.Assessment.Lab.core.built.virl,https://raw.githubusercontent.com/frankie336/INE-VIRL/master/CCIE.SPv4.Bootcamp/archive/000001.dcloud.2017.05.01.INE.CCIE.SPv4.Bootcamp.Assessment.Lab.core.built.virl,https://raw.githubusercontent.com/frankie336/INE-VIRL/master/CCIE.RSv5.Workbook/INE.CCIE.RSv5.Workbook.14.node.base.topology.virl,CCIE.SPv4.Bootcamp,https://ine.com/
INE-VIRL/CCIE.SPv4.Bootcamp/archive/000001.dcloud.2017.05.01.INE.CCIE.SPv4.Bootcamp.Assessment.Lab.end.of.day.3.virl,https://raw.githubusercontent.com/frankie336/INE-VIRL/master/CCIE.SPv4.Bootcamp/archive/000001.dcloud.2017.05.01.INE.CCIE.SPv4.Bootcamp.Assessment.Lab.end.of.day.3.virl,https://raw.githubusercontent.com/frankie336/INE-VIRL/master/CCIE.RSv5.Workbook/INE.CCIE.RSv5.Workbook.14.node.base.topology.virl,CCIE.SPv4.Bootcamp,https://ine.com/
INE-VIRL/CCIE.SPv4.Bootcamp/archive/000001.dcloud.2017.05.01.INE.CCIE.SPv4.Bootcamp.Assessment.Lab.virl,https://raw.githubusercontent.com/frankie336/INE-VIRL/master/CCIE.SPv4.Bootcamp/archive/000001.dcloud.2017.05.01.INE.CCIE.SPv4.Bootcamp.Assessment.Lab.virl,https://raw.githubusercontent.com/frankie336/INE-VIRL/master/CCIE.RSv5.Workbook/INE.CCIE.RSv5.Workbook.14.node.base.topology.virl,CCIE.SPv4.Bootcamp,https://ine.com/
INE-VIRL/CCIE.SPv4.Bootcamp/archive/2017.05.01.INE.CCIE.SPv4.Bootcamp.Assessment.Lab.virl,https://raw.githubusercontent.com/frankie336/INE-VIRL/master/CCIE.SPv4.Bootcamp/archive/2017.05.01.INE.CCIE.SPv4.Bootcamp.Assessment.Lab.virl,https://raw.githubusercontent.com/frankie336/INE-VIRL/master/CCIE.RSv5.Workbook/INE.CCIE.RSv5.Workbook.14.node.base.topology.virl,CCIE.SPv4.Bootcamp,https://ine.com/
INE-VIRL/CCIE.SPv4.Bootcamp/archive/INE.CCIE.SPv4.Bootcamp.Assessment.Lab.csc.working.virl,https://raw.githubusercontent.com/frankie336/INE-VIRL/master/CCIE.SPv4.Bootcamp/archive/INE.CCIE.SPv4.Bootcamp.Assessment.Lab.csc.working.virl,https://raw.githubusercontent.com/frankie336/INE-VIRL/master/CCIE.RSv5.Workbook/INE.CCIE.RSv5.Workbook.14.node.base.topology.virl,CCIE.SPv4.Bootcamp,https://ine.com/
INE-VIRL/CCIE.SPv4.Bootcamp/archive/INE.CCIE.SPv4.Bootcamp.Assessment.Lab.inter-as.l3vpn.working.virl,https://raw.githubusercontent.com/frankie336/INE-VIRL/master/CCIE.SPv4.Bootcamp/archive/INE.CCIE.SPv4.Bootcamp.Assessment.Lab.inter-as.l3vpn.working.virl,https://raw.githubusercontent.com/frankie336/INE-VIRL/master/CCIE.RSv5.Workbook/INE.CCIE.RSv5.Workbook.14.node.base.topology.virl,CCIE.SPv4.Bootcamp,https://ine.com/
INE-VIRL/CCIE.SPv4.Bootcamp/archive/INE.CCIE.SPv4.Bootcamp.Assessment.Lab.lisp.working.virl,https://raw.githubusercontent.com/frankie336/INE-VIRL/master/CCIE.SPv4.Bootcamp/archive/INE.CCIE.SPv4.Bootcamp.Assessment.Lab.lisp.working.virl,https://raw.githubusercontent.com/frankie336/INE-VIRL/master/CCIE.RSv5.Workbook/INE.CCIE.RSv5.Workbook.14.node.base.topology.virl,CCIE.SPv4.Bootcamp,https://ine.com/
INE-VIRL/CCIE.SPv4.Bootcamp/archive/INE.CCIE.SPv4.Bootcamp.Assessment.Lab.mLDP.Working.virl,https://raw.githubusercontent.com/frankie336/INE-VIRL/master/CCIE.SPv4.Bootcamp/archive/INE.CCIE.SPv4.Bootcamp.Assessment.Lab.mLDP.Working.virl,https://raw.githubusercontent.com/frankie336/INE-VIRL/master/CCIE.RSv5.Workbook/INE.CCIE.RSv5.Workbook.14.node.base.topology.virl,CCIE.SPv4.Bootcamp,https://ine.com/
INE-VIRL/CCIE.SPv4.Bootcamp/archive/INE.CCIE.SPv4.Bootcamp.Assessment.Lab.mpls.core.built.virl,https://raw.githubusercontent.com/frankie336/INE-VIRL/master/CCIE.SPv4.Bootcamp/archive/INE.CCIE.SPv4.Bootcamp.Assessment.Lab.mpls.core.built.virl,https://raw.githubusercontent.com/frankie336/INE-VIRL/master/CCIE.RSv5.Workbook/INE.CCIE.RSv5.Workbook.14.node.base.topology.virl,CCIE.SPv4.Bootcamp,https://ine.com/
INE-VIRL/CCIE.SPv4.Bootcamp/archive/INE.CCIE.SPv4.Bootcamp.Expanded.Lab.Solutions.Through.4.1.virl,https://raw.githubusercontent.com/frankie336/INE-VIRL/master/CCIE.SPv4.Bootcamp/archive/INE.CCIE.SPv4.Bootcamp.Expanded.Lab.Solutions.Through.4.1.virl,https://raw.githubusercontent.com/frankie336/INE-VIRL/master/CCIE.RSv5.Workbook/INE.CCIE.RSv5.Workbook.14.node.base.topology.virl,CCIE.SPv4.Bootcamp,https://ine.com/
INE-VIRL/CCIE.SPv4.Bootcamp/archive/INE.CCIE.SPv4.Bootcamp.Expanded.Lab.virl,https://raw.githubusercontent.com/frankie336/INE-VIRL/master/CCIE.SPv4.Bootcamp/archive/INE.CCIE.SPv4.Bootcamp.Expanded.Lab.virl,https://raw.githubusercontent.com/frankie336/INE-VIRL/master/CCIE.RSv5.Workbook/INE.CCIE.RSv5.Workbook.14.node.base.topology.virl,CCIE.SPv4.Bootcamp,https://ine.com/
INE-VIRL/CCIE.SPv4.Bootcamp/archive/INE.CCIE.SPv4.Bootcamp.Troubleshooting.Lab.1.broken.configs.virl,https://raw.githubusercontent.com/frankie336/INE-VIRL/master/CCIE.SPv4.Bootcamp/archive/INE.CCIE.SPv4.Bootcamp.Troubleshooting.Lab.1.broken.configs.virl,https://raw.githubusercontent.com/frankie336/INE-VIRL/master/CCIE.RSv5.Workbook/INE.CCIE.RSv5.Workbook.14.node.base.topology.virl,CCIE.SPv4.Bootcamp,https://ine.com/
INE-VIRL/CCIE.SPv4.Bootcamp/archive/INE.CCIE.SPv4.Bootcamp.Troubleshooting.Lab.1.working.configs.virl,https://raw.githubusercontent.com/frankie336/INE-VIRL/master/CCIE.SPv4.Bootcamp/archive/INE.CCIE.SPv4.Bootcamp.Troubleshooting.Lab.1.working.configs.virl,https://raw.githubusercontent.com/frankie336/INE-VIRL/master/CCIE.RSv5.Workbook/INE.CCIE.RSv5.Workbook.14.node.base.topology.virl,CCIE.SPv4.Bootcamp,https://ine.com/
INE-VIRL/CCIE.SPv4.Bootcamp/archive/Inter-AS.troubleshooting.virl,https://raw.githubusercontent.com/frankie336/INE-VIRL/master/CCIE.SPv4.Bootcamp/archive/Inter-AS.troubleshooting.virl,https://raw.githubusercontent.com/frankie336/INE-VIRL/master/CCIE.RSv5.Workbook/INE.CCIE.RSv5.Workbook.14.node.base.topology.virl,CCIE.SPv4.Bootcamp,https://ine.com/
INE-VIRL/CCIE.SPv4.Workbook/INE.CCIE.SPv4.Workbook.14.node.base.topology.virl,https://raw.githubusercontent.com/frankie336/INE-VIRL/master/CCIE.SPv4.Workbook/INE.CCIE.SPv4.Workbook.14.node.base.topology.virl,https://raw.githubusercontent.com/frankie336/INE-VIRL/master/CCIE.RSv5.Workbook/INE.CCIE.RSv5.Workbook.14.node.base.topology.virl,CCIE.SPv4.Workbook,https://ine.com/
INE-VIRL/CCIE.SPv4.Workbook/INE.CCIE.SPv4.Workbook.24.node.base.topology.virl,https://raw.githubusercontent.com/frankie336/INE-VIRL/master/CCIE.SPv4.Workbook/INE.CCIE.SPv4.Workbook.24.node.base.topology.virl,https://raw.githubusercontent.com/frankie336/INE-VIRL/master/CCIE.RSv5.Workbook/INE.CCIE.RSv5.Workbook.14.node.base.topology.virl,CCIE.SPv4.Workbook,https://ine.com/
INE-VIRL/CCIE.SPv4.Workbook/advanced.technologies.labs/6pe.virl,https://raw.githubusercontent.com/frankie336/INE-VIRL/master/CCIE.SPv4.Workbook/advanced.technologies.labs/6pe.virl,https://raw.githubusercontent.com/frankie336/INE-VIRL/master/CCIE.RSv5.Workbook/INE.CCIE.RSv5.Workbook.14.node.base.topology.virl,CCIE.SPv4.Workbook,https://ine.com/
INE-VIRL/CCIE.SPv4.Workbook/advanced.technologies.labs/INE.CCIE.SPv4.Workbook.14.node.template.virl,https://raw.githubusercontent.com/frankie336/INE-VIRL/master/CCIE.SPv4.Workbook/advanced.technologies.labs/INE.CCIE.SPv4.Workbook.14.node.template.virl,https://raw.githubusercontent.com/frankie336/INE-VIRL/master/CCIE.RSv5.Workbook/INE.CCIE.RSv5.Workbook.14.node.base.topology.virl,CCIE.SPv4.Workbook ,https://ine.com/
INE-VIRL/CCIE.SPv4.Workbook/advanced.technologies.labs/base.ipv4.and.ipv6.virl,https://raw.githubusercontent.com/frankie336/INE-VIRL/master/CCIE.SPv4.Workbook/advanced.technologies.labs/base.ipv4.and.ipv6.virl,https://raw.githubusercontent.com/frankie336/INE-VIRL/master/CCIE.RSv5.Workbook/INE.CCIE.RSv5.Workbook.14.node.base.topology.virl,CCIE.SPv4.Workbook,https://ine.com/
INE-VIRL/CCIE.SPv4.Workbook/advanced.technologies.labs/base.ipv4.virl,https://raw.githubusercontent.com/frankie336/INE-VIRL/master/CCIE.SPv4.Workbook/advanced.technologies.labs/base.ipv4.virl,https://raw.githubusercontent.com/frankie336/INE-VIRL/master/CCIE.RSv5.Workbook/INE.CCIE.RSv5.Workbook.14.node.base.topology.virl,CCIE.SPv4.Workbook,https://ine.com/
INE-VIRL/CCIE.SPv4.Workbook/advanced.technologies.labs/base.ipv6.virl,https://raw.githubusercontent.com/frankie336/INE-VIRL/master/CCIE.SPv4.Workbook/advanced.technologies.labs/base.ipv6.virl,https://raw.githubusercontent.com/frankie336/INE-VIRL/master/CCIE.RSv5.Workbook/INE.CCIE.RSv5.Workbook.14.node.base.topology.virl,CCIE.SPv4.Workbook,https://ine.com/
INE-VIRL/CCIE.SPv4.Workbook/advanced.technologies.labs/basic.l3vpn.virl,https://raw.githubusercontent.com/frankie336/INE-VIRL/master/CCIE.SPv4.Workbook/advanced.technologies.labs/basic.l3vpn.virl,https://raw.githubusercontent.com/frankie336/INE-VIRL/master/CCIE.RSv5.Workbook/INE.CCIE.RSv5.Workbook.14.node.base.topology.virl,CCIE.SPv4.Workbook,https://ine.com/
INE-VIRL/CCIE.SPv4.Workbook/advanced.technologies.labs/carrier.supporting.carrier.virl,https://raw.githubusercontent.com/frankie336/INE-VIRL/master/CCIE.SPv4.Workbook/advanced.technologies.labs/carrier.supporting.carrier.virl,https://raw.githubusercontent.com/frankie336/INE-VIRL/master/CCIE.RSv5.Workbook/INE.CCIE.RSv5.Workbook.14.node.base.topology.virl,CCIE.SPv4.Workbook,https://ine.com/
INE-VIRL/CCIE.SPv4.Workbook/advanced.technologies.labs/inter.as.l3vpn.option.c.virl,https://raw.githubusercontent.com/frankie336/INE-VIRL/master/CCIE.SPv4.Workbook/advanced.technologies.labs/inter.as.l3vpn.option.c.virl,https://raw.githubusercontent.com/frankie336/INE-VIRL/master/CCIE.RSv5.Workbook/INE.CCIE.RSv5.Workbook.14.node.base.topology.virl,CCIE.SPv4.Workbook,https://ine.com/
INE-VIRL/CCIE.SPv4.Workbook/advanced.technologies.labs/inter.as.l3vpn.virl,https://raw.githubusercontent.com/frankie336/INE-VIRL/master/CCIE.SPv4.Workbook/advanced.technologies.labs/inter.as.l3vpn.virl,https://raw.githubusercontent.com/frankie336/INE-VIRL/master/CCIE.RSv5.Workbook/INE.CCIE.RSv5.Workbook.14.node.base.topology.virl,CCIE.SPv4.Workbook,https://ine.com/
INE-VIRL/CCIE.SPv4.Workbook/advanced.technologies.labs/is-is.virl,https://raw.githubusercontent.com/frankie336/INE-VIRL/master/CCIE.SPv4.Workbook/advanced.technologies.labs/is-is.virl,https://raw.githubusercontent.com/frankie336/INE-VIRL/master/CCIE.RSv5.Workbook/INE.CCIE.RSv5.Workbook.14.node.base.topology.virl,CCIE.SPv4.Workbook,https://ine.com/
INE-VIRL/CCIE.SPv4.Workbook/advanced.technologies.labs/l2vpn.virl,https://raw.githubusercontent.com/frankie336/INE-VIRL/master/CCIE.SPv4.Workbook/advanced.technologies.labs/l2vpn.virl,https://raw.githubusercontent.com/frankie336/INE-VIRL/master/CCIE.RSv5.Workbook/INE.CCIE.RSv5.Workbook.14.node.base.topology.virl,CCIE.SPv4.Workbook,https://ine.com/
INE-VIRL/CCIE.SPv4.Workbook/advanced.technologies.labs/l2vpn.vlan.based.virl,https://raw.githubusercontent.com/frankie336/INE-VIRL/master/CCIE.SPv4.Workbook/advanced.technologies.labs/l2vpn.vlan.based.virl,https://raw.githubusercontent.com/frankie336/INE-VIRL/master/CCIE.RSv5.Workbook/INE.CCIE.RSv5.Workbook.14.node.base.topology.virl,CCIE.SPv4.Workbook,https://ine.com/
INE-VIRL/CCIE.SPv4.Workbook/advanced.technologies.labs/l3vpn.backdoor.links.virl,https://raw.githubusercontent.com/frankie336/INE-VIRL/master/CCIE.SPv4.Workbook/advanced.technologies.labs/l3vpn.backdoor.links.virl,https://raw.githubusercontent.com/frankie336/INE-VIRL/master/CCIE.RSv5.Workbook/INE.CCIE.RSv5.Workbook.14.node.base.topology.virl,CCIE.SPv4.Workbook,https://ine.com/
INE-VIRL/CCIE.SPv4.Workbook/advanced.technologies.labs/lisp.basic.addressing.virl,https://raw.githubusercontent.com/frankie336/INE-VIRL/master/CCIE.SPv4.Workbook/advanced.technologies.labs/lisp.basic.addressing.virl,https://raw.githubusercontent.com/frankie336/INE-VIRL/master/CCIE.RSv5.Workbook/INE.CCIE.RSv5.Workbook.14.node.base.topology.virl,CCIE.SPv4.Workbook,https://ine.com/
INE-VIRL/CCIE.SPv4.Workbook/advanced.technologies.labs/lisp.virl,https://raw.githubusercontent.com/frankie336/INE-VIRL/master/CCIE.SPv4.Workbook/advanced.technologies.labs/lisp.virl,https://raw.githubusercontent.com/frankie336/INE-VIRL/master/CCIE.RSv5.Workbook/INE.CCIE.RSv5.Workbook.14.node.base.topology.virl,CCIE.SPv4.Workbook,https://ine.com/
INE-VIRL/CCIE.SPv4.Workbook/advanced.technologies.labs/mpls.te.with.is-is.virl,https://raw.githubusercontent.com/frankie336/INE-VIRL/master/CCIE.SPv4.Workbook/advanced.technologies.labs/mpls.te.with.is-is.virl,https://raw.githubusercontent.com/frankie336/INE-VIRL/master/CCIE.RSv5.Workbook/INE.CCIE.RSv5.Workbook.14.node.base.topology.virl,CCIE.SPv4.Workbook,https://ine.com/
INE-VIRL/CCIE.SPv4.Workbook/advanced.technologies.labs/multi.vrf.ce.virl,https://raw.githubusercontent.com/frankie336/INE-VIRL/master/CCIE.SPv4.Workbook/advanced.technologies.labs/multi.vrf.ce.virl,https://raw.githubusercontent.com/frankie336/INE-VIRL/master/CCIE.RSv5.Workbook/INE.CCIE.RSv5.Workbook.14.node.base.topology.virl,CCIE.SPv4.Workbook,https://ine.com/
INE-VIRL/CCIE.SPv4.Workbook/advanced.technologies.labs/multicast.virl,https://raw.githubusercontent.com/frankie336/INE-VIRL/master/CCIE.SPv4.Workbook/advanced.technologies.labs/multicast.virl,https://raw.githubusercontent.com/frankie336/INE-VIRL/master/CCIE.RSv5.Workbook/INE.CCIE.RSv5.Workbook.14.node.base.topology.virl,CCIE.SPv4.Workbook,https://ine.com/
INE-VIRL/CCIE.SPv4.Workbook/advanced.technologies.labs/multisite.l3vpn.virl,https://raw.githubusercontent.com/frankie336/INE-VIRL/master/CCIE.SPv4.Workbook/advanced.technologies.labs/multisite.l3vpn.virl,https://raw.githubusercontent.com/frankie336/INE-VIRL/master/CCIE.RSv5.Workbook/INE.CCIE.RSv5.Workbook.14.node.base.topology.virl,CCIE.SPv4.Workbook,https://ine.com/
INE-VIRL/CCIE.SPv4.Workbook/advanced.technologies.labs/ospfv2.and.ldp.virl,https://raw.githubusercontent.com/frankie336/INE-VIRL/master/CCIE.SPv4.Workbook/advanced.technologies.labs/ospfv2.and.ldp.virl,https://raw.githubusercontent.com/frankie336/INE-VIRL/master/CCIE.RSv5.Workbook/INE.CCIE.RSv5.Workbook.14.node.base.topology.virl,CCIE.SPv4.Workbook,https://ine.com/
INE-VIRL/CCIE.SPv4.Workbook/advanced.technologies.labs/ospfv2.virl,https://raw.githubusercontent.com/frankie336/INE-VIRL/master/CCIE.SPv4.Workbook/advanced.technologies.labs/ospfv2.virl,https://raw.githubusercontent.com/frankie336/INE-VIRL/master/CCIE.RSv5.Workbook/INE.CCIE.RSv5.Workbook.14.node.base.topology.virl,CCIE.SPv4.Workbook,https://ine.com/
INE-VIRL/CCIE.SPv4.Workbook/advanced.technologies.labs/unified.mpls.virl,https://raw.githubusercontent.com/frankie336/INE-VIRL/master/CCIE.SPv4.Workbook/advanced.technologies.labs/unified.mpls.virl,https://raw.githubusercontent.com/frankie336/INE-VIRL/master/CCIE.RSv5.Workbook/INE.CCIE.RSv5.Workbook.14.node.base.topology.virl,CCIE.SPv4.Workbook,https://ine.com/
INE-VIRL/Courses/CCIE.Enterprise.Infrastructure.v1.0/1.1.a.Switch.Administration.virl,https://raw.githubusercontent.com/frankie336/INE-VIRL/master/Courses/CCIE.Enterprise.Infrastructure.v1.0/1.1.a.Switch.Administration.virl,https://raw.githubusercontent.com/frankie336/INE-VIRL/master/CCIE.RSv5.Workbook/INE.CCIE.RSv5.Workbook.14.node.base.topology.virl,Courses/CCIE.Enterprise.Infrastructure.v1.0,https://ine.com/
INE-VIRL/Courses/CCIE.Enterprise.Infrastructure.v1.0/basic.bgp.route.reflection.virl,https://raw.githubusercontent.com/frankie336/INE-VIRL/master/Courses/CCIE.Enterprise.Infrastructure.v1.0/basic.bgp.route.reflection.virl,https://raw.githubusercontent.com/frankie336/INE-VIRL/master/CCIE.RSv5.Workbook/INE.CCIE.RSv5.Workbook.14.node.base.topology.virl,Courses/CCIE.Enterprise.Infrastructure.v1.0,https://ine.com/
INE-VIRL/Courses/CCIE.Enterprise.Infrastructure.v1.0/basic.ip.addressing.virl,https://raw.githubusercontent.com/frankie336/INE-VIRL/master/Courses/CCIE.Enterprise.Infrastructure.v1.0/basic.ip.addressing.virl,https://raw.githubusercontent.com/frankie336/INE-VIRL/master/CCIE.RSv5.Workbook/INE.CCIE.RSv5.Workbook.14.node.base.topology.virl,Courses/CCIE.Enterprise.Infrastructure.v1.0,https://ine.com/
INE-VIRL/Courses/CCIE.Enterprise.Infrastructure.v1.0/basic.ospf.virl,https://raw.githubusercontent.com/frankie336/INE-VIRL/master/Courses/CCIE.Enterprise.Infrastructure.v1.0/basic.ospf.virl,https://raw.githubusercontent.com/frankie336/INE-VIRL/master/CCIE.RSv5.Workbook/INE.CCIE.RSv5.Workbook.14.node.base.topology.virl,Courses/CCIE.Enterprise.Infrastructure.v1.0,https://ine.com/
INE-VIRL/Courses/CCIE.Enterprise.Infrastructure.v1.0/full.bgp.with.next-hop.self.virl,https://raw.githubusercontent.com/frankie336/INE-VIRL/master/Courses/CCIE.Enterprise.Infrastructure.v1.0/full.bgp.with.next-hop.self.virl,https://raw.githubusercontent.com/frankie336/INE-VIRL/master/CCIE.RSv5.Workbook/INE.CCIE.RSv5.Workbook.14.node.base.topology.virl,Courses/CCIE.Enterprise.Infrastructure.v1.0,https://ine.com/
INE-VIRL/Courses/Implementing.Multicast.VPNs.on.Cisco.IOS.XR.and.XE/Profile.0.Implementing.Multicast.VPNs.on.Cisco.IOS.XR.and.XE.virl,https://raw.githubusercontent.com/frankie336/INE-VIRL/master/Courses/Implementing.Multicast.VPNs.on.Cisco.IOS.XR.and.XE/Profile.0.Implementing.Multicast.VPNs.on.Cisco.IOS.XR.and.XE.virl,https://raw.githubusercontent.com/frankie336/INE-VIRL/master/CCIE.RSv5.Workbook/INE.CCIE.RSv5.Workbook.14.node.base.topology.virl,Courses/Implementing.Multicast.VPNs.on.Cisco.IOS.XR.and.XE,https://ine.com/
INE-VIRL/Courses/Implementing.Multicast.VPNs.on.Cisco.IOS.XR.and.XE/Profile.1.Implementing.Multicast.VPNs.on.Cisco.IOS.XR.and.XE.virl,https://raw.githubusercontent.com/frankie336/INE-VIRL/master/Courses/Implementing.Multicast.VPNs.on.Cisco.IOS.XR.and.XE/Profile.1.Implementing.Multicast.VPNs.on.Cisco.IOS.XR.and.XE.virl,https://raw.githubusercontent.com/frankie336/INE-VIRL/master/CCIE.RSv5.Workbook/INE.CCIE.RSv5.Workbook.14.node.base.topology.virl,Courses/Implementing.Multicast.VPNs.on.Cisco.IOS.XR.and.XE,https://ine.com/
INE-VIRL/Courses/Implementing.Multicast.VPNs.on.Cisco.IOS.XR.and.XE/Profile.11.Implementing.Multicast.VPNs.on.Cisco.IOS.XR.and.XE.virl,https://raw.githubusercontent.com/frankie336/INE-VIRL/master/Courses/Implementing.Multicast.VPNs.on.Cisco.IOS.XR.and.XE/Profile.11.Implementing.Multicast.VPNs.on.Cisco.IOS.XR.and.XE.virl,https://raw.githubusercontent.com/frankie336/INE-VIRL/master/CCIE.RSv5.Workbook/INE.CCIE.RSv5.Workbook.14.node.base.topology.virl,Courses/Implementing.Multicast.VPNs.on.Cisco.IOS.XR.and.XE,https://ine.com/
INE-VIRL/Courses/Implementing.Multicast.VPNs.on.Cisco.IOS.XR.and.XE/Profile.3.Implementing.Multicast.VPNs.on.Cisco.IOS.XR.and.XE.virl,https://raw.githubusercontent.com/frankie336/INE-VIRL/master/Courses/Implementing.Multicast.VPNs.on.Cisco.IOS.XR.and.XE/Profile.3.Implementing.Multicast.VPNs.on.Cisco.IOS.XR.and.XE.virl,https://raw.githubusercontent.com/frankie336/INE-VIRL/master/CCIE.RSv5.Workbook/INE.CCIE.RSv5.Workbook.14.node.base.topology.virl,Courses/Implementing.Multicast.VPNs.on.Cisco.IOS.XR.and.XE,https://ine.com/
INE-VIRL/Courses/Implementing.Segment.Routing.on.Cisco.IOS.XR.and.XE/Base.MPLS.L3VPN.with.IS-IS.core.virl,https://raw.githubusercontent.com/frankie336/INE-VIRL/master/Courses/Implementing.Segment.Routing.on.Cisco.IOS.XR.and.XE/Base.MPLS.L3VPN.with.IS-IS.core.virl,https://raw.githubusercontent.com/frankie336/INE-VIRL/master/CCIE.RSv5.Workbook/INE.CCIE.RSv5.Workbook.14.node.base.topology.virl,Courses/Implementing.Segment.Routing.on.Cisco.IOS.XR.and.XE,https://ine.com/
INE-VIRL/Courses/Implementing.Segment.Routing.on.Cisco.IOS.XR.and.XE/Base.MPLS.L3VPN.with.OSPF.core.virl,https://raw.githubusercontent.com/frankie336/INE-VIRL/master/Courses/Implementing.Segment.Routing.on.Cisco.IOS.XR.and.XE/Base.MPLS.L3VPN.with.OSPF.core.virl,https://raw.githubusercontent.com/frankie336/INE-VIRL/master/CCIE.RSv5.Workbook/INE.CCIE.RSv5.Workbook.14.node.base.topology.virl,Courses/Implementing.Segment.Routing.on.Cisco.IOS.XR.and.XE,https://ine.com/
INE-VIRL/Courses/Implementing.Segment.Routing.on.Cisco.IOS.XR.and.XE/Segment.Routing.with.ISIS.virl,https://raw.githubusercontent.com/frankie336/INE-VIRL/master/Courses/Implementing.Segment.Routing.on.Cisco.IOS.XR.and.XE/Segment.Routing.with.ISIS.virl,https://raw.githubusercontent.com/frankie336/INE-VIRL/master/CCIE.RSv5.Workbook/INE.CCIE.RSv5.Workbook.14.node.base.topology.virl,Courses/Implementing.Segment.Routing.on.Cisco.IOS.XR.and.XE,https://ine.com/
INE-VIRL/Courses/Implementing.Segment.Routing.on.Cisco.IOS.XR.and.XE/Segment.Routing.with.OSPF.virl,https://raw.githubusercontent.com/frankie336/INE-VIRL/master/Courses/Implementing.Segment.Routing.on.Cisco.IOS.XR.and.XE/Segment.Routing.with.OSPF.virl,https://raw.githubusercontent.com/frankie336/INE-VIRL/master/CCIE.RSv5.Workbook/INE.CCIE.RSv5.Workbook.14.node.base.topology.virl,Courses/Implementing.Segment.Routing.on.Cisco.IOS.XR.and.XE,https://ine.com/
INE-VIRL/RSv5.Graded.Labs/RSv5.graded.lab.1-bootcamp.bonus.virl,https://raw.githubusercontent.com/frankie336/INE-VIRL/master/RSv5.Graded.Labs/RSv5.graded.lab.1-bootcamp.bonus.virl,https://raw.githubusercontent.com/frankie336/INE-VIRL/master/CCIE.RSv5.Workbook/INE.CCIE.RSv5.Workbook.14.node.base.topology.virl,RSv5.Graded.Labs,https://ine.com/
INE-VIRL/RSv5.Graded.Labs/RSv5.graded.lab.1.CS-Solution.virl,https://raw.githubusercontent.com/frankie336/INE-VIRL/master/RSv5.Graded.Labs/RSv5.graded.lab.1.CS-Solution.virl,https://raw.githubusercontent.com/frankie336/INE-VIRL/master/CCIE.RSv5.Workbook/INE.CCIE.RSv5.Workbook.14.node.base.topology.virl,RSv5.Graded.Labs,https://ine.com/
INE-VIRL/RSv5.Graded.Labs/RSv5.graded.lab.1.CS.virl,https://raw.githubusercontent.com/frankie336/INE-VIRL/master/RSv5.Graded.Labs/RSv5.graded.lab.1.CS.virl,https://raw.githubusercontent.com/frankie336/INE-VIRL/master/CCIE.RSv5.Workbook/INE.CCIE.RSv5.Workbook.14.node.base.topology.virl,RSv5.Graded.Labs,https://ine.com/
INE-VIRL/RSv5.Graded.Labs/RSv5.graded.lab.1.TS-Solution.virl,https://raw.githubusercontent.com/frankie336/INE-VIRL/master/RSv5.Graded.Labs/RSv5.graded.lab.1.TS-Solution.virl,https://raw.githubusercontent.com/frankie336/INE-VIRL/master/CCIE.RSv5.Workbook/INE.CCIE.RSv5.Workbook.14.node.base.topology.virl,RSv5.Graded.Labs,https://ine.com/
INE-VIRL/RSv5.Graded.Labs/RSv5.graded.lab.1.TS.virl,https://raw.githubusercontent.com/frankie336/INE-VIRL/master/RSv5.Graded.Labs/RSv5.graded.lab.1.TS.virl,https://raw.githubusercontent.com/frankie336/INE-VIRL/master/CCIE.RSv5.Workbook/INE.CCIE.RSv5.Workbook.14.node.base.topology.virl,RSv5.Graded.Labs,https://ine.com/
INE-VIRL/RSv5.Graded.Labs/RSv5.graded.lab.1.virl,https://raw.githubusercontent.com/frankie336/INE-VIRL/master/RSv5.Graded.Labs/RSv5.graded.lab.1.virl,https://raw.githubusercontent.com/frankie336/INE-VIRL/master/CCIE.RSv5.Workbook/INE.CCIE.RSv5.Workbook.14.node.base.topology.virl,RSv5.Graded.Labs,https://ine.com/
INE-VIRL/RSv5.Graded.Labs/RSv5.graded.lab.2.CS-Solution.virl,https://raw.githubusercontent.com/frankie336/INE-VIRL/master/RSv5.Graded.Labs/RSv5.graded.lab.2.CS-Solution.virl,https://raw.githubusercontent.com/frankie336/INE-VIRL/master/CCIE.RSv5.Workbook/INE.CCIE.RSv5.Workbook.14.node.base.topology.virl,RSv5.Graded.Labs,https://ine.com/
INE-VIRL/RSv5.Graded.Labs/RSv5.graded.lab.1.TS.virl,https://raw.githubusercontent.com/frankie336/INE-VIRL/master/RSv5.Graded.Labs/RSv5.graded.lab.1.TS.virl,https://raw.githubusercontent.com/frankie336/INE-VIRL/master/CCIE.RSv5.Workbook/INE.CCIE.RSv5.Workbook.14.node.base.topology.virl,RSv5.Graded.Labs,https://ine.com/
INE-VIRL/RSv5.Graded.Labs/RSv5.graded.lab.2.TS-Solution.virl,https://raw.githubusercontent.com/frankie336/INE-VIRL/master/RSv5.Graded.Labs/RSv5.graded.lab.2.TS-Solution.virl,https://raw.githubusercontent.com/frankie336/INE-VIRL/master/CCIE.RSv5.Workbook/INE.CCIE.RSv5.Workbook.14.node.base.topology.virl,RSv5.Graded.Labs,https://ine.com/
INE-VIRL/RSv5.Graded.Labs/RSv5.graded.lab.2.TS.virl,https://raw.githubusercontent.com/frankie336/INE-VIRL/master/RSv5.Graded.Labs/RSv5.graded.lab.2.TS.virl,https://raw.githubusercontent.com/frankie336/INE-VIRL/master/CCIE.RSv5.Workbook/INE.CCIE.RSv5.Workbook.14.node.base.topology.virl,RSv5.Graded.Labs,https://ine.com/
INE-VIRL/RSv5.Graded.Labs/RSv5.graded.lab.2.virl,https://raw.githubusercontent.com/frankie336/INE-VIRL/master/RSv5.Graded.Labs/RSv5.graded.lab.2.virl,https://raw.githubusercontent.com/frankie336/INE-VIRL/master/CCIE.RSv5.Workbook/INE.CCIE.RSv5.Workbook.14.node.base.topology.virl,RSv5.Graded.Labs,https://ine.com/
INE-VIRL/RSv5.Graded.Labs/RSv5.graded.lab.3.CS-Solution.virl,https://raw.githubusercontent.com/frankie336/INE-VIRL/master/RSv5.Graded.Labs/RSv5.graded.lab.3.CS-Solution.virl,https://raw.githubusercontent.com/frankie336/INE-VIRL/master/CCIE.RSv5.Workbook/INE.CCIE.RSv5.Workbook.14.node.base.topology.virl,RSv5.Graded.Labs,https://ine.com/
INE-VIRL/RSv5.Graded.Labs/RSv5.graded.lab.3.CS.virl,https://raw.githubusercontent.com/frankie336/INE-VIRL/master/RSv5.Graded.Labs/RSv5.graded.lab.3.CS.virl,https://raw.githubusercontent.com/frankie336/INE-VIRL/master/CCIE.RSv5.Workbook/INE.CCIE.RSv5.Workbook.14.node.base.topology.virl,RSv5.Graded.Labs,https://ine.com/
INE-VIRL/RSv5.Graded.Labs/RSv5.graded.lab.3.TS-Solution.virl,https://raw.githubusercontent.com/frankie336/INE-VIRL/master/RSv5.Graded.Labs/RSv5.graded.lab.3.TS-Solution.virl,https://raw.githubusercontent.com/frankie336/INE-VIRL/master/CCIE.RSv5.Workbook/INE.CCIE.RSv5.Workbook.14.node.base.topology.virl,RSv5.Graded.Labs,https://ine.com/
INE-VIRL/RSv5.Graded.Labs/RSv5.graded.lab.3.TS.virl,https://raw.githubusercontent.com/frankie336/INE-VIRL/master/RSv5.Graded.Labs/RSv5.graded.lab.3.TS.virl,https://raw.githubusercontent.com/frankie336/INE-VIRL/master/CCIE.RSv5.Workbook/INE.CCIE.RSv5.Workbook.14.node.base.topology.virl,RSv5.Graded.Labs,https://ine.com/
INE-VIRL/RSv5.Graded.Labs/RSv5.graded.lab.3.virl,https://raw.githubusercontent.com/frankie336/INE-VIRL/master/RSv5.Graded.Labs/RSv5.graded.lab.3.virl,https://raw.githubusercontent.com/frankie336/INE-VIRL/master/CCIE.RSv5.Workbook/INE.CCIE.RSv5.Workbook.14.node.base.topology.virl,RSv5.Graded.Labs,https://ine.com/
INE-VIRL/RSv5.Graded.Labs/RSv5.graded.lab.4.CS-Solution.virl,https://raw.githubusercontent.com/frankie336/INE-VIRL/master/RSv5.Graded.Labs/RSv5.graded.lab.4.CS-Solution.virl,https://raw.githubusercontent.com/frankie336/INE-VIRL/master/CCIE.RSv5.Workbook/INE.CCIE.RSv5.Workbook.14.node.base.topology.virl,RSv5.Graded.Labs,https://ine.com/
INE-VIRL/RSv5.Graded.Labs/RSv5.graded.lab.4.CS.virl,https://raw.githubusercontent.com/frankie336/INE-VIRL/master/RSv5.Graded.Labs/RSv5.graded.lab.4.CS.virl,https://raw.githubusercontent.com/frankie336/INE-VIRL/master/CCIE.RSv5.Workbook/INE.CCIE.RSv5.Workbook.14.node.base.topology.virl,RSv5.Graded.Labs,https://ine.com/
INE-VIRL/RSv5.Graded.Labs/RSv5.graded.lab.4.TS.virl,https://raw.githubusercontent.com/frankie336/INE-VIRL/master/RSv5.Graded.Labs/RSv5.graded.lab.4.TS.virl,https://raw.githubusercontent.com/frankie336/INE-VIRL/master/CCIE.RSv5.Workbook/INE.CCIE.RSv5.Workbook.14.node.base.topology.virl,RSv5.Graded.Labs,https://ine.com/
INE-VIRL/Webinars/INE.Ask.The.Expert.VXLAN.BGP.EVPN-Z8xyZh.virl,https://raw.githubusercontent.com/frankie336/INE-VIRL/master/Webinars/INE.Ask.The.Expert.VXLAN.BGP.EVPN-Z8xyZh.virl,https://raw.githubusercontent.com/frankie336/INE-VIRL/master/CCIE.RSv5.Workbook/INE.CCIE.RSv5.Workbook.14.node.base.topology.virl,Webinars,https://ine.com/
INE-VIRL/Webinars/INE.Ask.The.Expert.VXLAN.BGP.EVPN.virl,https://raw.githubusercontent.com/frankie336/INE-VIRL/master/Webinars/INE.Ask.The.Expert.VXLAN.BGP.EVPN.virl,https://raw.githubusercontent.com/frankie336/INE-VIRL/master/CCIE.RSv5.Workbook/INE.CCIE.RSv5.Workbook.14.node.base.topology.virl,Webinars,https://ine.com/
